"decile","count","num_responses","response_rate","lift"
1,141,141,1,3.76832530765115
2,141,141,1,3.76832530765115
3,141,13,0.0921985815602837,0.347434248223156
4,140,0,0,0
5,141,0,0,0
6,141,0,0,0
7,140,0,0,0
8,141,0,0,0
9,125,0,0,0
10,157,0,0,0
